restaurant_id,restaurant_name,address,category,menu_id,menu_name,ingredients_origin,price,calories
1,전주한정식,전주시 덕진구 금암동 569-466,한식,1,닭볶음탕,"닭고기(국내산), 감자(국내산), 당근(국내산), 양파(국내산)",13086,609
1,전주한정식,전주시 덕진구 금암동 569-466,한식,2,비빔밥,"쌀(국내산), 콩나물(전주산), 시금치(전주산), 고사리(국내산), 무(전주산), 고추장(국내산)",7533,575
1,전주한정식,전주시 덕진구 금암동 569-466,한식,3,된장찌개,"된장(국내산), 두부(국내산), 호박(전주산), 양파(국내산), 고추(전주산)",8306,293
1,전주한정식,전주시 덕진구 금암동 569-466,한식,4,김치찌개,"김치(전주산), 돼지고기(국내산), 두부(국내산), 대파(국내산)",8936,431
1,전주한정식,전주시 덕진구 금암동 569-466,한식,5,삼겹살,"돼지고기(국내산), 상추(전주산), 마늘(국내산), 고추장(국내산)",14422,739
1,전주한정식,전주시 덕진구 금암동 569-466,한식,6,콩나물국밥,"쌀(국내산), 콩나물(전주산), 멸치(국내산), 마늘(국내산)",6845,482
1,전주한정식,전주시 덕진구 금암동 569-466,한식,7,해물파전,"파(국내산), 오징어(국내산), 새우(국내산), 밀가루(국내산)",12400,636
1,전주한정식,전주시 덕진구 금암동 569-466,한식,8,갈비탕,"소갈비(국내산), 무(전주산), 대파(국내산), 마늘(국내산)",12484,540
1,전주한정식,전주시 덕진구 금암동 569-466,한식,9,불고기,"소고기(국내산), 양파(국내산), 당근(국내산), 대파(국내산)",14894,705
1,전주한정식,전주시 덕진구 금암동 569-466,한식,10,추어탕,"미꾸라지(국내산), 미역(국내산), 콩나물(전주산)",8656,399
2,명가한옥마을,전주시 완산구 평화동 879,한식,11,삼겹살,"돼지고기(국내산), 상추(전주산), 마늘(국내산), 고추장(국내산)",14447,775
2,명가한옥마을,전주시 완산구 평화동 879,한식,12,닭볶음탕,"닭고기(국내산), 감자(국내산), 당근(국내산), 양파(국내산)",13450,584
2,명가한옥마을,전주시 완산구 평화동 879,한식,13,된장찌개,"된장(국내산), 두부(국내산), 호박(전주산), 양파(국내산), 고추(전주산)",7981,331
2,명가한옥마을,전주시 완산구 평화동 879,한식,14,갈비탕,"소갈비(국내산), 무(전주산), 대파(국내산), 마늘(국내산)",11690,516
2,명가한옥마을,전주시 완산구 평화동 879,한식,15,불고기,"소고기(국내산), 양파(국내산), 당근(국내산), 대파(국내산)",15349,702
2,명가한옥마을,전주시 완산구 평화동 879,한식,16,콩나물국밥,"쌀(국내산), 콩나물(전주산), 멸치(국내산), 마늘(국내산)",6765,487
2,명가한옥마을,전주시 완산구 평화동 879,한식,17,김치찌개,"김치(전주산), 돼지고기(국내산), 두부(국내산), 대파(국내산)",8904,434
2,명가한옥마을,전주시 완산구 평화동 879,한식,18,해물파전,"파(국내산), 오징어(국내산), 새우(국내산), 밀가루(국내산)",12051,671
2,명가한옥마을,전주시 완산구 평화동 879,한식,19,추어탕,"미꾸라지(국내산), 미역(국내산), 콩나물(전주산)",9178,436
2,명가한옥마을,전주시 완산구 평화동 879,한식,20,비빔밥,"쌀(국내산), 콩나물(전주산), 시금치(전주산), 고사리(국내산), 무(전주산), 고추장(국내산)",8146,579
3,보리밥,전주시 덕진구 조촌동 362,한식,21,삼겹살,"돼지고기(국내산), 상추(전주산), 마늘(국내산), 고추장(국내산)",14040,772
3,보리밥,전주시 덕진구 조촌동 362,한식,22,콩나물국밥,"쌀(국내산), 콩나물(전주산), 멸치(국내산), 마늘(국내산)",7060,508
3,보리밥,전주시 덕진구 조촌동 362,한식,23,추어탕,"미꾸라지(국내산), 미역(국내산), 콩나물(전주산)",8709,395
3,보리밥,전주시 덕진구 조촌동 362,한식,24,김치찌개,"김치(전주산), 돼지고기(국내산), 두부(국내산), 대파(국내산)",8560,430
3,보리밥,전주시 덕진구 조촌동 362,한식,25,닭볶음탕,"닭고기(국내산), 감자(국내산), 당근(국내산), 양파(국내산)",13438,595
3,보리밥,전주시 덕진구 조촌동 362,한식,26,불고기,"소고기(국내산), 양파(국내산), 당근(국내산), 대파(국내산)",15051,670
3,보리밥,전주시 덕진구 조촌동 362,한식,27,갈비탕,"소갈비(국내산), 무(전주산), 대파(국내산), 마늘(국내산)",12061,517
3,보리밥,전주시 덕진구 조촌동 362,한식,28,비빔밥,"쌀(국내산), 콩나물(전주산), 시금치(전주산), 고사리(국내산), 무(전주산), 고추장(국내산)",7637,531
3,보리밥,전주시 덕진구 조촌동 362,한식,29,된장찌개,"된장(국내산), 두부(국내산), 호박(전주산), 양파(국내산), 고추(전주산)",7970,339
3,보리밥,전주시 덕진구 조촌동 362,한식,30,해물파전,"파(국내산), 오징어(국내산), 새우(국내산), 밀가루(국내산)",12249,626
4,전주한정식,전주시 완산구 동서학동 322,한식,31,닭볶음탕,"닭고기(국내산), 감자(국내산), 당근(국내산), 양파(국내산)",12833,601
4,전주한정식,전주시 완산구 동서학동 322,한식,32,갈비탕,"소갈비(국내산), 무(전주산), 대파(국내산), 마늘(국내산)",11583,503
4,전주한정식,전주시 완산구 동서학동 322,한식,33,해물파전,"파(국내산), 오징어(국내산), 새우(국내산), 밀가루(국내산)",12038,637
4,전주한정식,전주시 완산구 동서학동 322,한식,34,김치찌개,"김치(전주산), 돼지고기(국내산), 두부(국내산), 대파(국내산)",9216,467
4,전주한정식,전주시 완산구 동서학동 322,한식,35,불고기,"소고기(국내산), 양파(국내산), 당근(국내산), 대파(국내산)",15423,672
4,전주한정식,전주시 완산구 동서학동 322,한식,36,콩나물국밥,"쌀(국내산), 콩나물(전주산), 멸치(국내산), 마늘(국내산)",6665,475
4,전주한정식,전주시 완산구 동서학동 322,한식,37,된장찌개,"된장(국내산), 두부(국내산), 호박(전주산), 양파(국내산), 고추(전주산)",8049,344
4,전주한정식,전주시 완산구 동서학동 322,한식,38,추어탕,"미꾸라지(국내산), 미역(국내산), 콩나물(전주산)",8983,409
4,전주한정식,전주시 완산구 동서학동 322,한식,39,비빔밥,"쌀(국내산), 콩나물(전주산), 시금치(전주산), 고사리(국내산), 무(전주산), 고추장(국내산)",7750,546
4,전주한정식,전주시 완산구 동서학동 322,한식,40,삼겹살,"돼지고기(국내산), 상추(전주산), 마늘(국내산), 고추장(국내산)",14185,727
4,전주한정식,전주시 완산구 동서학동 322,한식,41,한정식,"쌀(국내산), 된장국(전주산), 나물(전주산), 김치(전주산)",14951,628
5,된장찌개,전주시 완산구 서신동 597,한식,42,삼겹살,"돼지고기(국내산), 상추(전주산), 마늘(국내산), 고추장(국내산)",13811,735
5,된장찌개,전주시 완산구 서신동 597,한식,43,갈비탕,"소갈비(국내산), 무(전주산), 대파(국내산), 마늘(국내산)",12360,513
5,된장찌개,전주시 완산구 서신동 597,한식,44,비빔밥,"쌀(국내산), 콩나물(전주산), 시금치(전주산), 고사리(국내산), 무(전주산), 고추장(국내산)",8316,554
5,된장찌개,전주시 완산구 서신동 597,한식,45,해물파전,"파(국내산), 오징어(국내산), 새우(국내산), 밀가루(국내산)",11798,626
5,된장찌개,전주시 완산구 서신동 597,한식,46,된장찌개,"된장(국내산), 두부(국내산), 호박(전주산), 양파(국내산), 고추(전주산)",8359,297
5,된장찌개,전주시 완산구 서신동 597,한식,47,김치찌개,"김치(전주산), 돼지고기(국내산), 두부(국내산), 대파(국내산)",9053,442
5,된장찌개,전주시 완산구 서신동 597,한식,48,닭볶음탕,"닭고기(국내산), 감자(국내산), 당근(국내산), 양파(국내산)",12621,587
5,된장찌개,전주시 완산구 서신동 597,한식,49,불고기,"소고기(국내산), 양파(국내산), 당근(국내산), 대파(국내산)",14531,677
5,된장찌개,전주시 완산구 서신동 597,한식,50,전주비빔밥,"쌀(국내산), 콩나물(전주산), 시금치(전주산), 고사리(국내산), 무(전주산), 고추장(전주산)",11509,570
6,한옥마을,전주시 완산구 전동성당길 556,한식,51,해물파전,"파(국내산), 오징어(국내산), 새우(국내산), 밀가루(국내산)",12231,620
6,한옥마을,전주시 완산구 전동성당길 556,한식,52,닭볶음탕,"닭고기(국내산), 감자(국내산), 당근(국내산), 양파(국내산)",13468,607
6,한옥마을,전주시 완산구 전동성당길 556,한식,53,김치찌개,"김치(전주산), 돼지고기(국내산), 두부(국내산), 대파(국내산)",9126,444
6,한옥마을,전주시 완산구 전동성당길 556,한식,54,된장찌개,"된장(국내산), 두부(국내산), 호박(전주산), 양파(국내산), 고추(전주산)",8499,298
6,한옥마을,전주시 완산구 전동성당길 556,한식,55,불고기,"소고기(국내산), 양파(국내산), 당근(국내산), 대파(국내산)",15465,703
6,한옥마을,전주시 완산구 전동성당길 556,한식,56,콩나물국밥,"쌀(국내산), 콩나물(전주산), 멸치(국내산), 마늘(국내산)",7368,489
6,한옥마을,전주시 완산구 전동성당길 556,한식,57,추어탕,"미꾸라지(국내산), 미역(국내산), 콩나물(전주산)",9123,406
6,한옥마을,전주시 완산구 전동성당길 556,한식,58,비빔밥,"쌀(국내산), 콩나물(전주산), 시금치(전주산), 고사리(국내산), 무(전주산), 고추장(국내산)",7504,552
6,한옥마을,전주시 완산구 전동성당길 556,한식,59,갈비탕,"소갈비(국내산), 무(전주산), 대파(국내산), 마늘(국내산)",11837,491
6,한옥마을,전주시 완산구 전동성당길 556,한식,60,삼겹살,"돼지고기(국내산), 상추(전주산), 마늘(국내산), 고추장(국내산)",14176,771
6,한옥마을,전주시 완산구 전동성당길 556,한식,61,모듬전,"부추전(전주산), 해물전(국내산), 고추전(전주산)",18345,514
7,전통찻집,전주시 완산구 팔복로 357,한식,62,비빔밥,"쌀(국내산), 콩나물(전주산), 시금치(전주산), 고사리(국내산), 무(전주산), 고추장(국내산)",7508,568
7,전통찻집,전주시 완산구 팔복로 357,한식,63,불고기,"소고기(국내산), 양파(국내산), 당근(국내산), 대파(국내산)",14593,669
7,전통찻집,전주시 완산구 팔복로 357,한식,64,된장찌개,"된장(국내산), 두부(국내산), 호박(전주산), 양파(국내산), 고추(전주산)",7639,321
7,전통찻집,전주시 완산구 팔복로 357,한식,65,추어탕,"미꾸라지(국내산), 미역(국내산), 콩나물(전주산)",9367,403
7,전통찻집,전주시 완산구 팔복로 357,한식,66,김치찌개,"김치(전주산), 돼지고기(국내산), 두부(국내산), 대파(국내산)",9404,467
7,전통찻집,전주시 완산구 팔복로 357,한식,67,닭볶음탕,"닭고기(국내산), 감자(국내산), 당근(국내산), 양파(국내산)",12870,562
7,전통찻집,전주시 완산구 팔복로 357,한식,68,해물파전,"파(국내산), 오징어(국내산), 새우(국내산), 밀가루(국내산)",11638,663
7,전통찻집,전주시 완산구 팔복로 357,한식,69,콩나물국밥,"쌀(국내산), 콩나물(전주산), 멸치(국내산), 마늘(국내산)",6711,464
7,전통찻집,전주시 완산구 팔복로 357,한식,70,삼겹살,"돼지고기(국내산), 상추(전주산), 마늘(국내산), 고추장(국내산)",13862,735
8,보리밥,전주시 완산구 전동성당길 979,한식,71,된장찌개,"된장(국내산), 두부(국내산), 호박(전주산), 양파(국내산), 고추(전주산)",7877,315
8,보리밥,전주시 완산구 전동성당길 979,한식,72,김치찌개,"김치(전주산), 돼지고기(국내산), 두부(국내산), 대파(국내산)",9052,431
8,보리밥,전주시 완산구 전동성당길 979,한식,73,불고기,"소고기(국내산), 양파(국내산), 당근(국내산), 대파(국내산)",15177,698
8,보리밥,전주시 완산구 전동성당길 979,한식,74,비빔밥,"쌀(국내산), 콩나물(전주산), 시금치(전주산), 고사리(국내산), 무(전주산), 고추장(국내산)",8464,521
8,보리밥,전주시 완산구 전동성당길 979,한식,75,추어탕,"미꾸라지(국내산), 미역(국내산), 콩나물(전주산)",9268,443
8,보리밥,전주시 완산구 전동성당길 979,한식,76,해물파전,"파(국내산), 오징어(국내산), 새우(국내산), 밀가루(국내산)",11549,649
8,보리밥,전주시 완산구 전동성당길 979,한식,77,삼겹살,"돼지고기(국내산), 상추(전주산), 마늘(국내산), 고추장(국내산)",13540,776
8,보리밥,전주시 완산구 전동성당길 979,한식,78,콩나물국밥,"쌀(국내산), 콩나물(전주산), 멸치(국내산), 마늘(국내산)",6570,489
8,보리밥,전주시 완산구 전동성당길 979,한식,79,닭볶음탕,"닭고기(국내산), 감자(국내산), 당근(국내산), 양파(국내산)",12980,605
8,보리밥,전주시 완산구 전동성당길 979,한식,80,갈비탕,"소갈비(국내산), 무(전주산), 대파(국내산), 마늘(국내산)",12127,548
9,전주김치찌개,전주시 완산구 효자동 533,한식,81,닭볶음탕,"닭고기(국내산), 감자(국내산), 당근(국내산), 양파(국내산)",13083,605
9,전주김치찌개,전주시 완산구 효자동 533,한식,82,된장찌개,"된장(국내산), 두부(국내산), 호박(전주산), 양파(국내산), 고추(전주산)",7714,295
9,전주김치찌개,전주시 완산구 효자동 533,한식,83,불고기,"소고기(국내산), 양파(국내산), 당근(국내산), 대파(국내산)",14790,692
9,전주김치찌개,전주시 완산구 효자동 533,한식,84,콩나물국밥,"쌀(국내산), 콩나물(전주산), 멸치(국내산), 마늘(국내산)",7228,460
9,전주김치찌개,전주시 완산구 효자동 533,한식,85,삼겹살,"돼지고기(국내산), 상추(전주산), 마늘(국내산), 고추장(국내산)",13510,736
9,전주김치찌개,전주시 완산구 효자동 533,한식,86,해물파전,"파(국내산), 오징어(국내산), 새우(국내산), 밀가루(국내산)",12403,671
9,전주김치찌개,전주시 완산구 효자동 533,한식,87,추어탕,"미꾸라지(국내산), 미역(국내산), 콩나물(전주산)",8892,427
9,전주김치찌개,전주시 완산구 효자동 533,한식,88,비빔밥,"쌀(국내산), 콩나물(전주산), 시금치(전주산), 고사리(국내산), 무(전주산), 고추장(국내산)",8434,528
9,전주김치찌개,전주시 완산구 효자동 533,한식,89,김치찌개,"김치(전주산), 돼지고기(국내산), 두부(국내산), 대파(국내산)",8636,432
9,전주김치찌개,전주시 완산구 효자동 533,한식,90,갈비탕,"소갈비(국내산), 무(전주산), 대파(국내산), 마늘(국내산)",11906,543
9,전주김치찌개,전주시 완산구 효자동 533,한식,91,한정식,"쌀(국내산), 된장국(전주산), 나물(전주산), 김치(전주산)",15322,622
10,전주비빔밥,전주시 완산구 평화동 626,한식,92,삼겹살,"돼지고기(국내산), 상추(전주산), 마늘(국내산), 고추장(국내산)",13746,766
10,전주비빔밥,전주시 완산구 평화동 626,한식,93,닭볶음탕,"닭고기(국내산), 감자(국내산), 당근(국내산), 양파(국내산)",13283,562
10,전주비빔밥,전주시 완산구 평화동 626,한식,94,비빔밥,"쌀(국내산), 콩나물(전주산), 시금치(전주산), 고사리(국내산), 무(전주산), 고추장(국내산)",8354,560
10,전주비빔밥,전주시 완산구 평화동 626,한식,95,된장찌개,"된장(국내산), 두부(국내산), 호박(전주산), 양파(국내산), 고추(전주산)",8013,334
10,전주비빔밥,전주시 완산구 평화동 626,한식,96,김치찌개,"김치(전주산), 돼지고기(국내산), 두부(국내산), 대파(국내산)",8800,432
10,전주비빔밥,전주시 완산구 평화동 626,한식,97,해물파전,"파(국내산), 오징어(국내산), 새우(국내산), 밀가루(국내산)",11620,670
10,전주비빔밥,전주시 완산구 평화동 626,한식,98,추어탕,"미꾸라지(국내산), 미역(국내산), 콩나물(전주산)",8908,407
10,전주비빔밥,전주시 완산구 평화동 626,한식,99,불고기,"소고기(국내산), 양파(국내산), 당근(국내산), 대파(국내산)",15112,707
10,전주비빔밥,전주시 완산구 평화동 626,한식,100,콩나물국밥,"쌀(국내산), 콩나물(전주산), 멸치(국내산), 마늘(국내산)",6624,506
10,전주비빔밥,전주시 완산구 평화동 626,한식,101,갈비탕,"소갈비(국내산), 무(전주산), 대파(국내산), 마늘(국내산)",12156,550
11,오래된라조기,전주시 덕진구 동부대로 707,중식,102,울면,"면(국내산), 해물(국내산), 계란(국내산), 대파(국내산)",8092,569
11,오래된라조기,전주시 덕진구 동부대로 707,중식,103,짬뽕,"면(국내산), 해물(국내산), 양파(국내산), 고추(국내산)",6816,608
11,오래된라조기,전주시 덕진구 동부대로 707,중식,104,탕수육,"돼지고기(국내산), 밀가루(국내산), 식초(국내산), 설탕(국내산)",18232,847
11,오래된라조기,전주시 덕진구 동부대로 707,중식,105,라조기,"닭고기(국내산), 고추(중국산), 마늘(국내산), 생강(국내산)",16899,705
11,오래된라조기,전주시 덕진구 동부대로 707,중식,106,유산슬,"소고기(국내산), 표고버섯(국내산), 피망(국내산), 양파(국내산)",22225,633
11,오래된라조기,전주시 덕진구 동부대로 707,중식,107,짜장면,"면(국내산), 춘장(중국산), 돼지고기(국내산), 양파(국내산), 오이(국내산)",6022,508
11,오래된라조기,전주시 덕진구 동부대로 707,중식,108,깐풍기,"닭고기(국내산), 고추(국내산), 마늘(국내산), 생강(국내산)",15835,737
11,오래된라조기,전주시 덕진구 동부대로 707,중식,109,양장피,"해삼(중국산), 오징어(국내산), 새우(국내산), 양파(국내산)",25135,489
11,오래된라조기,전주시 덕진구 동부대로 707,중식,110,마파두부,"두부(국내산), 돼지고기(국내산), 대파(국내산), 고추장(국내산)",11598,433
12,향토울면,전주시 덕진구 건지산로 193,중식,111,깐풍기,"닭고기(국내산), 고추(국내산), 마늘(국내산), 생강(국내산)",15566,711
12,향토울면,전주시 덕진구 건지산로 193,중식,112,팔보채,"해산물(국내산), 채소(국내산), 양파(국내산)",27535,503
12,향토울면,전주시 덕진구 건지산로 193,중식,113,울면,"면(국내산), 해물(국내산), 계란(국내산), 대파(국내산)",8182,573
12,향토울면,전주시 덕진구 건지산로 193,중식,114,양장피,"해삼(중국산), 오징어(국내산), 새우(국내산), 양파(국내산)",24778,510
12,향토울면,전주시 덕진구 건지산로 193,중식,115,유산슬,"소고기(국내산), 표고버섯(국내산), 피망(국내산), 양파(국내산)",22135,673
12,향토울면,전주시 덕진구 건지산로 193,중식,116,짜장면,"면(국내산), 춘장(중국산), 돼지고기(국내산), 양파(국내산), 오이(국내산)",5990,518
12,향토울면,전주시 덕진구 건지산로 193,중식,117,탕수육,"돼지고기(국내산), 밀가루(국내산), 식초(국내산), 설탕(국내산)",17833,820
12,향토울면,전주시 덕진구 건지산로 193,중식,118,마파두부,"두부(국내산), 돼지고기(국내산), 대파(국내산), 고추장(국내산)",11836,445
12,향토울면,전주시 덕진구 건지산로 193,중식,119,라조기,"닭고기(국내산), 고추(중국산), 마늘(국내산), 생강(국내산)",16946,703
12,향토울면,전주시 덕진구 건지산로 193,중식,120,짬뽕,"면(국내산), 해물(국내산), 양파(국내산), 고추(국내산)",6994,571
13,정통유산슬,전주시 덕진구 전주천서로 994,중식,121,탕수육,"돼지고기(국내산), 밀가루(국내산), 식초(국내산), 설탕(국내산)",18152,874
13,정통유산슬,전주시 덕진구 전주천서로 994,중식,122,짬뽕,"면(국내산), 해물(국내산), 양파(국내산), 고추(국내산)",6589,567
13,정통유산슬,전주시 덕진구 전주천서로 994,중식,123,마파두부,"두부(국내산), 돼지고기(국내산), 대파(국내산), 고추장(국내산)",11848,448
13,정통유산슬,전주시 덕진구 전주천서로 994,중식,124,라조기,"닭고기(국내산), 고추(중국산), 마늘(국내산), 생강(국내산)",16595,682
13,정통유산슬,전주시 덕진구 전주천서로 994,중식,125,깐풍기,"닭고기(국내산), 고추(국내산), 마늘(국내산), 생강(국내산)",16283,732
13,정통유산슬,전주시 덕진구 전주천서로 994,중식,126,유산슬,"소고기(국내산), 표고버섯(국내산), 피망(국내산), 양파(국내산)",22099,654
13,정통유산슬,전주시 덕진구 전주천서로 994,중식,127,양장피,"해삼(중국산), 오징어(국내산), 새우(국내산), 양파(국내산)",24523,509
13,정통유산슬,전주시 덕진구 전주천서로 994,중식,128,울면,"면(국내산), 해물(국내산), 계란(국내산), 대파(국내산)",7551,580
13,정통유산슬,전주시 덕진구 전주천서로 994,중식,129,짜장면,"면(국내산), 춘장(중국산), 돼지고기(국내산), 양파(국내산), 오이(국내산)",6295,508
13,정통유산슬,전주시 덕진구 전주천서로 994,중식,130,팔보채,"해산물(국내산), 채소(국내산), 양파(국내산)",28272,507
14,유산슬,전주시 덕진구 인후동 199-470,중식,131,마파두부,"두부(국내산), 돼지고기(국내산), 대파(국내산), 고추장(국내산)",12344,425
14,유산슬,전주시 덕진구 인후동 199-470,중식,132,울면,"면(국내산), 해물(국내산), 계란(국내산), 대파(국내산)",8220,579
14,유산슬,전주시 덕진구 인후동 199-470,중식,133,유산슬,"소고기(국내산), 표고버섯(국내산), 피망(국내산), 양파(국내산)",22159,646
14,유산슬,전주시 덕진구 인후동 199-470,중식,134,탕수육,"돼지고기(국내산), 밀가루(국내산), 식초(국내산), 설탕(국내산)",18198,840
14,유산슬,전주시 덕진구 인후동 199-470,중식,135,짜장면,"면(국내산), 춘장(중국산), 돼지고기(국내산), 양파(국내산), 오이(국내산)",6441,534
14,유산슬,전주시 덕진구 인후동 199-470,중식,136,양장피,"해삼(중국산), 오징어(국내산), 새우(국내산), 양파(국내산)",24764,494
14,유산슬,전주시 덕진구 인후동 199-470,중식,137,라조기,"닭고기(국내산), 고추(중국산), 마늘(국내산), 생강(국내산)",16975,672
14,유산슬,전주시 덕진구 인후동 199-470,중식,138,팔보채,"해산물(국내산), 채소(국내산), 양파(국내산)",27779,495
14,유산슬,전주시 덕진구 인후동 199-470,중식,139,짬뽕,"면(국내산), 해물(국내산), 양파(국내산), 고추(국내산)",7158,582
14,유산슬,전주시 덕진구 인후동 199-470,중식,140,깐풍기,"닭고기(국내산), 고추(국내산), 마늘(국내산), 생강(국내산)",15945,728
15,양장피,전주시 완산구 서신동 490-136,중식,141,팔보채,"해산물(국내산), 채소(국내산), 양파(국내산)",27915,535
15,양장피,전주시 완산구 서신동 490-136,중식,142,유산슬,"소고기(국내산), 표고버섯(국내산), 피망(국내산), 양파(국내산)",22256,653
15,양장피,전주시 완산구 서신동 490-136,중식,143,깐풍기,"닭고기(국내산), 고추(국내산), 마늘(국내산), 생강(국내산)",15925,745
15,양장피,전주시 완산구 서신동 490-136,중식,144,짜장면,"면(국내산), 춘장(중국산), 돼지고기(국내산), 양파(국내산), 오이(국내산)",6236,527
15,양장피,전주시 완산구 서신동 490-136,중식,145,마파두부,"두부(국내산), 돼지고기(국내산), 대파(국내산), 고추장(국내산)",11651,404
15,양장피,전주시 완산구 서신동 490-136,중식,146,짬뽕,"면(국내산), 해물(국내산), 양파(국내산), 고추(국내산)",6506,570
15,양장피,전주시 완산구 서신동 490-136,중식,147,라조기,"닭고기(국내산), 고추(중국산), 마늘(국내산), 생강(국내산)",17251,661
15,양장피,전주시 완산구 서신동 490-136,중식,148,양장피,"해삼(중국산), 오징어(국내산), 새우(국내산), 양파(국내산)",25114,493
16,유산슬,전주시 완산구 서신동 900,중식,149,유산슬,"소고기(국내산), 표고버섯(국내산), 피망(국내산), 양파(국내산)",22045,655
16,유산슬,전주시 완산구 서신동 900,중식,150,팔보채,"해산물(국내산), 채소(국내산), 양파(국내산)",28179,544
16,유산슬,전주시 완산구 서신동 900,중식,151,울면,"면(국내산), 해물(국내산), 계란(국내산), 대파(국내산)",8364,585
16,유산슬,전주시 완산구 서신동 900,중식,152,깐풍기,"닭고기(국내산), 고추(국내산), 마늘(국내산), 생강(국내산)",16034,706
16,유산슬,전주시 완산구 서신동 900,중식,153,짜장면,"면(국내산), 춘장(중국산), 돼지고기(국내산), 양파(국내산), 오이(국내산)",5854,517
16,유산슬,전주시 완산구 서신동 900,중식,154,양장피,"해삼(중국산), 오징어(국내산), 새우(국내산), 양파(국내산)",25159,462
16,유산슬,전주시 완산구 서신동 900,중식,155,라조기,"닭고기(국내산), 고추(중국산), 마늘(국내산), 생강(국내산)",16801,677
16,유산슬,전주시 완산구 서신동 900,중식,156,마파두부,"두부(국내산), 돼지고기(국내산), 대파(국내산), 고추장(국내산)",11551,422
17,정통깐풍기,전주시 덕진구 건지산로 718-423,중식,157,탕수육,"돼지고기(국내산), 밀가루(국내산), 식초(국내산), 설탕(국내산)",17804,874
17,정통깐풍기,전주시 덕진구 건지산로 718-423,중식,158,짜장면,"면(국내산), 춘장(중국산), 돼지고기(국내산), 양파(국내산), 오이(국내산)",5887,550
17,정통깐풍기,전주시 덕진구 건지산로 718-423,중식,159,마파두부,"두부(국내산), 돼지고기(국내산), 대파(국내산), 고추장(국내산)",11956,418
17,정통깐풍기,전주시 덕진구 건지산로 718-423,중식,160,짬뽕,"면(국내산), 해물(국내산), 양파(국내산), 고추(국내산)",6530,557
17,정통깐풍기,전주시 덕진구 건지산로 718-423,중식,161,깐풍기,"닭고기(국내산), 고추(국내산), 마늘(국내산), 생강(국내산)",15573,723
17,정통깐풍기,전주시 덕진구 건지산로 718-423,중식,162,울면,"면(국내산), 해물(국내산), 계란(국내산), 대파(국내산)",8271,563
17,정통깐풍기,전주시 덕진구 건지산로 718-423,중식,163,양장피,"해삼(중국산), 오징어(국내산), 새우(국내산), 양파(국내산)",24665,508
17,정통깐풍기,전주시 덕진구 건지산로 718-423,중식,164,팔보채,"해산물(국내산), 채소(국내산), 양파(국내산)",27963,517
17,정통깐풍기,전주시 덕진구 건지산로 718-423,중식,165,라조기,"닭고기(국내산), 고추(중국산), 마늘(국내산), 생강(국내산)",17381,707
17,정통깐풍기,전주시 덕진구 건지산로 718-423,중식,166,유산슬,"소고기(국내산), 표고버섯(국내산), 피망(국내산), 양파(국내산)",22199,639
18,깐풍기,전주시 완산구 전주천동로 492,중식,167,울면,"면(국내산), 해물(국내산), 계란(국내산), 대파(국내산)",8323,571
18,깐풍기,전주시 완산구 전주천동로 492,중식,168,짜장면,"면(국내산), 춘장(중국산), 돼지고기(국내산), 양파(국내산), 오이(국내산)",5919,509
18,깐풍기,전주시 완산구 전주천동로 492,중식,169,유산슬,"소고기(국내산), 표고버섯(국내산), 피망(국내산), 양파(국내산)",21659,676
18,깐풍기,전주시 완산구 전주천동로 492,중식,170,탕수육,"돼지고기(국내산), 밀가루(국내산), 식초(국내산), 설탕(국내산)",17500,829
18,깐풍기,전주시 완산구 전주천동로 492,중식,171,짬뽕,"면(국내산), 해물(국내산), 양파(국내산), 고추(국내산)",7075,608
18,깐풍기,전주시 완산구 전주천동로 492,중식,172,라조기,"닭고기(국내산), 고추(중국산), 마늘(국내산), 생강(국내산)",16652,655
18,깐풍기,전주시 완산구 전주천동로 492,중식,173,마파두부,"두부(국내산), 돼지고기(국내산), 대파(국내산), 고추장(국내산)",11719,422
18,깐풍기,전주시 완산구 전주천동로 492,중식,174,양장피,"해삼(중국산), 오징어(국내산), 새우(국내산), 양파(국내산)",24589,497
18,깐풍기,전주시 완산구 전주천동로 492,중식,175,깐풍기,"닭고기(국내산), 고추(국내산), 마늘(국내산), 생강(국내산)",16434,714
19,향토스시,전주시 완산구 서신동 404,일식,176,규동,"소고기(국내산), 쌀(국내산), 양파(국내산), 계란(국내산)",10789,677
19,향토스시,전주시 완산구 서신동 404,일식,177,라멘,"면(일본산), 돼지고기(국내산), 계란(국내산), 대파(국내산)",8503,586
19,향토스시,전주시 완산구 서신동 404,일식,178,텐동,"새우튀김(국내산), 쌀(국내산), 계란(국내산), 야채(국내산)",11876,692
19,향토스시,전주시 완산구 서신동 404,일식,179,야키니쿠,"소고기(국내산), 양파(국내산), 버섯(국내산), 파프리카(국내산)",19684,685
19,향토스시,전주시 완산구 서신동 404,일식,180,연어초밥(8pcs),"연어(노르웨이산), 쌀(국내산), 와사비(일본산), 간장(국내산)",14574,442
19,향토스시,전주시 완산구 서신동 404,일식,181,우동,"면(일본산), 멸치(국내산), 대파(국내산), 김(국내산)",7345,473
19,향토스시,전주시 완산구 서신동 404,일식,182,돈부리,"소고기(국내산), 쌀(국내산), 양파(국내산), 계란(국내산)",11565,710
19,향토스시,전주시 완산구 서신동 404,일식,183,돈까스,"돼지고기(국내산), 빵가루(국내산), 계란(국내산), 양배추(국내산)",10663,678
19,향토스시,전주시 완산구 서신동 404,일식,184,회덮밥,"회(국내산), 쌀(국내산), 오이(국내산), 무(국내산)",17589,566
19,향토스시,전주시 완산구 서신동 404,일식,185,카레라이스,"카레(일본산), 쌀(국내산), 양파(국내산), 당근(국내산)",8530,665
20,전통규동,전주시 덕진구 조촌동 89,일식,186,규동,"소고기(국내산), 쌀(국내산), 양파(국내산), 계란(국내산)",10779,680
20,전통규동,전주시 덕진구 조촌동 89,일식,187,회덮밥,"회(국내산), 쌀(국내산), 오이(국내산), 무(국내산)",18112,579
20,전통규동,전주시 덕진구 조촌동 89,일식,188,카레라이스,"카레(일본산), 쌀(국내산), 양파(국내산), 당근(국내산)",8948,690
20,전통규동,전주시 덕진구 조촌동 89,일식,189,야키니쿠,"소고기(국내산), 양파(국내산), 버섯(국내산), 파프리카(국내산)",19750,652
20,전통규동,전주시 덕진구 조촌동 89,일식,190,연어초밥(8pcs),"연어(노르웨이산), 쌀(국내산), 와사비(일본산), 간장(국내산)",15067,436
20,전통규동,전주시 덕진구 조촌동 89,일식,191,우동,"면(일본산), 멸치(국내산), 대파(국내산), 김(국내산)",6685,503
20,전통규동,전주시 덕진구 조촌동 89,일식,192,라멘,"면(일본산), 돼지고기(국내산), 계란(국내산), 대파(국내산)",8974,580
20,전통규동,전주시 덕진구 조촌동 89,일식,193,돈까스,"돼지고기(국내산), 빵가루(국내산), 계란(국내산), 양배추(국내산)",11055,624
20,전통규동,전주시 덕진구 조촌동 89,일식,194,돈부리,"소고기(국내산), 쌀(국내산), 양파(국내산), 계란(국내산)",11542,747
20,전통규동,전주시 덕진구 조촌동 89,일식,195,텐동,"새우튀김(국내산), 쌀(국내산), 계란(국내산), 야채(국내산)",12250,719
21,전주회,전주시 완산구 삼천동 672,일식,196,회덮밥,"회(국내산), 쌀(국내산), 오이(국내산), 무(국내산)",17692,553
21,전주회,전주시 완산구 삼천동 672,일식,197,우동,"면(일본산), 멸치(국내산), 대파(국내산), 김(국내산)",7238,484
21,전주회,전주시 완산구 삼천동 672,일식,198,야키니쿠,"소고기(국내산), 양파(국내산), 버섯(국내산), 파프리카(국내산)",19927,704
21,전주회,전주시 완산구 삼천동 672,일식,199,돈까스,"돼지고기(국내산), 빵가루(국내산), 계란(국내산), 양배추(국내산)",11425,669
21,전주회,전주시 완산구 삼천동 672,일식,200,카레라이스,"카레(일본산), 쌀(국내산), 양파(국내산), 당근(국내산)",8606,688
21,전주회,전주시 완산구 삼천동 672,일식,201,돈부리,"소고기(국내산), 쌀(국내산), 양파(국내산), 계란(국내산)",12076,696
21,전주회,전주시 완산구 삼천동 672,일식,202,텐동,"새우튀김(국내산), 쌀(국내산), 계란(국내산), 야채(국내산)",12426,726
21,전주회,전주시 완산구 삼천동 672,일식,203,규동,"소고기(국내산), 쌀(국내산), 양파(국내산), 계란(국내산)",10713,651
21,전주회,전주시 완산구 삼천동 672,일식,204,연어초밥(8pcs),"연어(노르웨이산), 쌀(국내산), 와사비(일본산), 간장(국내산)",15467,469
21,전주회,전주시 완산구 삼천동 672,일식,205,라멘,"면(일본산), 돼지고기(국내산), 계란(국내산), 대파(국내산)",9312,595
22,규동,전주시 덕진구 건지산로 180,일식,206,텐동,"새우튀김(국내산), 쌀(국내산), 계란(국내산), 야채(국내산)",11625,719
22,규동,전주시 덕진구 건지산로 180,일식,207,회덮밥,"회(국내산), 쌀(국내산), 오이(국내산), 무(국내산)",17709,562
22,규동,전주시 덕진구 건지산로 180,일식,208,돈부리,"소고기(국내산), 쌀(국내산), 양파(국내산), 계란(국내산)",11660,693
22,규동,전주시 덕진구 건지산로 180,일식,209,야키니쿠,"소고기(국내산), 양파(국내산), 버섯(국내산), 파프리카(국내산)",20032,681
22,규동,전주시 덕진구 건지산로 180,일식,210,라멘,"면(일본산), 돼지고기(국내산), 계란(국내산), 대파(국내산)",8982,555
22,규동,전주시 덕진구 건지산로 180,일식,211,연어초밥(8pcs),"연어(노르웨이산), 쌀(국내산), 와사비(일본산), 간장(국내산)",14800,422
22,규동,전주시 덕진구 건지산로 180,일식,212,카레라이스,"카레(일본산), 쌀(국내산), 양파(국내산), 당근(국내산)",9012,675
22,규동,전주시 덕진구 건지산로 180,일식,213,규동,"소고기(국내산), 쌀(국내산), 양파(국내산), 계란(국내산)",11315,632
22,규동,전주시 덕진구 건지산로 180,일식,214,우동,"면(일본산), 멸치(국내산), 대파(국내산), 김(국내산)",6897,482
22,규동,전주시 덕진구 건지산로 180,일식,215,돈까스,"돼지고기(국내산), 빵가루(국내산), 계란(국내산), 양배추(국내산)",10692,640
23,우동,전주시 덕진구 인후동 326,일식,216,돈부리,"소고기(국내산), 쌀(국내산), 양파(국내산), 계란(국내산)",11908,700
23,우동,전주시 덕진구 인후동 326,일식,217,회덮밥,"회(국내산), 쌀(국내산), 오이(국내산), 무(국내산)",18451,582
23,우동,전주시 덕진구 인후동 326,일식,218,우동,"면(일본산), 멸치(국내산), 대파(국내산), 김(국내산)",7337,460
23,우동,전주시 덕진구 인후동 326,일식,219,돈까스,"돼지고기(국내산), 빵가루(국내산), 계란(국내산), 양배추(국내산)",10627,633
23,우동,전주시 덕진구 인후동 326,일식,220,연어초밥(8pcs),"연어(노르웨이산), 쌀(국내산), 와사비(일본산), 간장(국내산)",14762,434
23,우동,전주시 덕진구 인후동 326,일식,221,라멘,"면(일본산), 돼지고기(국내산), 계란(국내산), 대파(국내산)",9126,576
23,우동,전주시 덕진구 인후동 326,일식,222,텐동,"새우튀김(국내산), 쌀(국내산), 계란(국내산), 야채(국내산)",12009,701
23,우동,전주시 덕진구 인후동 326,일식,223,카레라이스,"카레(일본산), 쌀(국내산), 양파(국내산), 당근(국내산)",8699,670
23,우동,전주시 덕진구 인후동 326,일식,224,야키니쿠,"소고기(국내산), 양파(국내산), 버섯(국내산), 파프리카(국내산)",20017,667
23,우동,전주시 덕진구 인후동 326,일식,225,규동,"소고기(국내산), 쌀(국내산), 양파(국내산), 계란(국내산)",11193,623
24,회,전주시 완산구 효자동 474,일식,226,텐동,"새우튀김(국내산), 쌀(국내산), 계란(국내산), 야채(국내산)",12370,700
24,회,전주시 완산구 효자동 474,일식,227,돈부리,"소고기(국내산), 쌀(국내산), 양파(국내산), 계란(국내산)",11535,695
24,회,전주시 완산구 효자동 474,일식,228,회덮밥,"회(국내산), 쌀(국내산), 오이(국내산), 무(국내산)",18438,576
24,회,전주시 완산구 효자동 474,일식,229,야키니쿠,"소고기(국내산), 양파(국내산), 버섯(국내산), 파프리카(국내산)",20462,652
24,회,전주시 완산구 효자동 474,일식,230,연어초밥(8pcs),"연어(노르웨이산), 쌀(국내산), 와사비(일본산), 간장(국내산)",14675,480
24,회,전주시 완산구 효자동 474,일식,231,우동,"면(일본산), 멸치(국내산), 대파(국내산), 김(국내산)",6869,510
24,회,전주시 완산구 효자동 474,일식,232,카레라이스,"카레(일본산), 쌀(국내산), 양파(국내산), 당근(국내산)",9384,652
24,회,전주시 완산구 효자동 474,일식,233,규동,"소고기(국내산), 쌀(국내산), 양파(국내산), 계란(국내산)",11286,665
24,회,전주시 완산구 효자동 474,일식,234,라멘,"면(일본산), 돼지고기(국내산), 계란(국내산), 대파(국내산)",8578,606
24,회,전주시 완산구 효자동 474,일식,235,돈까스,"돼지고기(국내산), 빵가루(국내산), 계란(국내산), 양배추(국내산)",10953,643
25,오래된스시,전주시 덕진구 송천동 782-346,일식,236,회덮밥,"회(국내산), 쌀(국내산), 오이(국내산), 무(국내산)",18311,553
25,오래된스시,전주시 덕진구 송천동 782-346,일식,237,규동,"소고기(국내산), 쌀(국내산), 양파(국내산), 계란(국내산)",10645,648
25,오래된스시,전주시 덕진구 송천동 782-346,일식,238,야키니쿠,"소고기(국내산), 양파(국내산), 버섯(국내산), 파프리카(국내산)",19920,690
25,오래된스시,전주시 덕진구 송천동 782-346,일식,239,우동,"면(일본산), 멸치(국내산), 대파(국내산), 김(국내산)",7233,472
25,오래된스시,전주시 덕진구 송천동 782-346,일식,240,라멘,"면(일본산), 돼지고기(국내산), 계란(국내산), 대파(국내산)",9056,600
25,오래된스시,전주시 덕진구 송천동 782-346,일식,241,텐동,"새우튀김(국내산), 쌀(국내산), 계란(국내산), 야채(국내산)",11653,692
25,오래된스시,전주시 덕진구 송천동 782-346,일식,242,돈부리,"소고기(국내산), 쌀(국내산), 양파(국내산), 계란(국내산)",11960,701
25,오래된스시,전주시 덕진구 송천동 782-346,일식,243,돈까스,"돼지고기(국내산), 빵가루(국내산), 계란(국내산), 양배추(국내산)",11028,629
25,오래된스시,전주시 덕진구 송천동 782-346,일식,244,카레라이스,"카레(일본산), 쌀(국내산), 양파(국내산), 당근(국내산)",9313,660
25,오래된스시,전주시 덕진구 송천동 782-346,일식,245,연어초밥(8pcs),"연어(노르웨이산), 쌀(국내산), 와사비(일본산), 간장(국내산)",14983,479
26,고향라멘,전주시 덕진구 조촌동 782,일식,246,텐동,"새우튀김(국내산), 쌀(국내산), 계란(국내산), 야채(국내산)",12129,743
26,고향라멘,전주시 덕진구 조촌동 782,일식,247,카레라이스,"카레(일본산), 쌀(국내산), 양파(국내산), 당근(국내산)",8681,706
26,고향라멘,전주시 덕진구 조촌동 782,일식,248,라멘,"면(일본산), 돼지고기(국내산), 계란(국내산), 대파(국내산)",9018,581
26,고향라멘,전주시 덕진구 조촌동 782,일식,249,돈까스,"돼지고기(국내산), 빵가루(국내산), 계란(국내산), 양배추(국내산)",11420,626
26,고향라멘,전주시 덕진구 조촌동 782,일식,250,규동,"소고기(국내산), 쌀(국내산), 양파(국내산), 계란(국내산)",11040,654
26,고향라멘,전주시 덕진구 조촌동 782,일식,251,돈부리,"소고기(국내산), 쌀(국내산), 양파(국내산), 계란(국내산)",11935,743
26,고향라멘,전주시 덕진구 조촌동 782,일식,252,회덮밥,"회(국내산), 쌀(국내산), 오이(국내산), 무(국내산)",18005,554
26,고향라멘,전주시 덕진구 조촌동 782,일식,253,우동,"면(일본산), 멸치(국내산), 대파(국내산), 김(국내산)",7205,509
27,유명한샌드위치,전주시 완산구 동서학동 500,양식,254,페퍼로니피자,"도우(국내산), 페퍼로니(수입산), 치즈(국내산), 토마토소스(국내산)",17666,848
27,유명한샌드위치,전주시 완산구 동서학동 500,양식,255,스테이크,"소고기(미국산), 감자(국내산), 버터(국내산), 양파(국내산)",25016,690
27,유명한샌드위치,전주시 완산구 동서학동 500,양식,256,크림파스타,"면(이탈리아산), 크림(국내산), 베이컨(국내산), 양파(국내산)",12624,713
27,유명한샌드위치,전주시 완산구 동서학동 500,양식,257,치킨텐더,"닭고기(국내산), 빵가루(국내산), 감자(국내산)",12848,669
27,유명한샌드위치,전주시 완산구 동서학동 500,양식,258,시저샐러드,"양상추(국내산), 치즈(국내산), 베이컨(국내산), 크루통(국내산)",11361,438
27,유명한샌드위치,전주시 완산구 동서학동 500,양식,259,햄버거세트,"빵(국내산), 소고기(국내산), 치즈(국내산), 야채(국내산)",8294,738
27,유명한샌드위치,전주시 완산구 동서학동 500,양식,260,리조또,"쌀(국내산), 치즈(국내산), 베이컨(국내산), 양파(국내산)",13934,665
27,유명한샌드위치,전주시 완산구 동서학동 500,양식,261,토마토파스타,"면(이탈리아산), 토마토(국내산), 올리브오일(이탈리아산), 마늘(국내산)",12358,591
27,유명한샌드위치,전주시 완산구 동서학동 500,양식,262,오믈렛,"계란(국내산), 치즈(국내산), 베이컨(국내산), 양파(국내산)",8982,491
27,유명한샌드위치,전주시 완산구 동서학동 500,양식,263,그라탕,"감자(국내산), 치즈(국내산), 베이컨(국내산), 양파(국내산)",11884,551
28,그라탕,전주시 덕진구 송천동 295-133,양식,264,시저샐러드,"양상추(국내산), 치즈(국내산), 베이컨(국내산), 크루통(국내산)",10555,406
28,그라탕,전주시 덕진구 송천동 295-133,양식,265,오믈렛,"계란(국내산), 치즈(국내산), 베이컨(국내산), 양파(국내산)",8634,485
28,그라탕,전주시 덕진구 송천동 295-133,양식,266,토마토파스타,"면(이탈리아산), 토마토(국내산), 올리브오일(이탈리아산), 마늘(국내산)",12186,592
28,그라탕,전주시 덕진구 송천동 295-133,양식,267,햄버거세트,"빵(국내산), 소고기(국내산), 치즈(국내산), 야채(국내산)",7990,707
28,그라탕,전주시 덕진구 송천동 295-133,양식,268,리조또,"쌀(국내산), 치즈(국내산), 베이컨(국내산), 양파(국내산)",14260,660
28,그라탕,전주시 덕진구 송천동 295-133,양식,269,치킨텐더,"닭고기(국내산), 빵가루(국내산), 감자(국내산)",12557,643
28,그라탕,전주시 덕진구 송천동 295-133,양식,270,크림파스타,"면(이탈리아산), 크림(국내산), 베이컨(국내산), 양파(국내산)",12830,747
28,그라탕,전주시 덕진구 송천동 295-133,양식,271,그라탕,"감자(국내산), 치즈(국내산), 베이컨(국내산), 양파(국내산)",12384,555
28,그라탕,전주시 덕진구 송천동 295-133,양식,272,스테이크,"소고기(미국산), 감자(국내산), 버터(국내산), 양파(국내산)",24719,654
28,그라탕,전주시 덕진구 송천동 295-133,양식,273,페퍼로니피자,"도우(국내산), 페퍼로니(수입산), 치즈(국내산), 토마토소스(국내산)",18135,844
29,리조또 1호점,전주시 덕진구 동부대로 169,양식,274,시저샐러드,"양상추(국내산), 치즈(국내산), 베이컨(국내산), 크루통(국내산)",10988,449
29,리조또 1호점,전주시 덕진구 동부대로 169,양식,275,햄버거세트,"빵(국내산), 소고기(국내산), 치즈(국내산), 야채(국내산)",7822,713
29,리조또 1호점,전주시 덕진구 동부대로 169,양식,276,페퍼로니피자,"도우(국내산), 페퍼로니(수입산), 치즈(국내산), 토마토소스(국내산)",17764,857
29,리조또 1호점,전주시 덕진구 동부대로 169,양식,277,치킨텐더,"닭고기(국내산), 빵가루(국내산), 감자(국내산)",13360,659
29,리조또 1호점,전주시 덕진구 동부대로 169,양식,278,그라탕,"감자(국내산), 치즈(국내산), 베이컨(국내산), 양파(국내산)",12213,587
29,리조또 1호점,전주시 덕진구 동부대로 169,양식,279,토마토파스타,"면(이탈리아산), 토마토(국내산), 올리브오일(이탈리아산), 마늘(국내산)",11938,570
29,리조또 1호점,전주시 덕진구 동부대로 169,양식,280,리조또,"쌀(국내산), 치즈(국내산), 베이컨(국내산), 양파(국내산)",13659,630
29,리조또 1호점,전주시 덕진구 동부대로 169,양식,281,크림파스타,"면(이탈리아산), 크림(국내산), 베이컨(국내산), 양파(국내산)",13224,710
30,치킨,전주시 덕진구 팔복동 212,양식,282,페퍼로니피자,"도우(국내산), 페퍼로니(수입산), 치즈(국내산), 토마토소스(국내산)",17716,865
30,치킨,전주시 덕진구 팔복동 212,양식,283,오믈렛,"계란(국내산), 치즈(국내산), 베이컨(국내산), 양파(국내산)",9173,479
30,치킨,전주시 덕진구 팔복동 212,양식,284,그라탕,"감자(국내산), 치즈(국내산), 베이컨(국내산), 양파(국내산)",12391,587
30,치킨,전주시 덕진구 팔복동 212,양식,285,스테이크,"소고기(미국산), 감자(국내산), 버터(국내산), 양파(국내산)",25081,676
30,치킨,전주시 덕진구 팔복동 212,양식,286,리조또,"쌀(국내산), 치즈(국내산), 베이컨(국내산), 양파(국내산)",14127,635
30,치킨,전주시 덕진구 팔복동 212,양식,287,햄버거세트,"빵(국내산), 소고기(국내산), 치즈(국내산), 야채(국내산)",7828,726
30,치킨,전주시 덕진구 팔복동 212,양식,288,시저샐러드,"양상추(국내산), 치즈(국내산), 베이컨(국내산), 크루통(국내산)",11484,428
30,치킨,전주시 덕진구 팔복동 212,양식,289,치킨텐더,"닭고기(국내산), 빵가루(국내산), 감자(국내산)",12508,663
31,피자,전주시 완산구 경기전로 86,양식,290,페퍼로니피자,"도우(국내산), 페퍼로니(수입산), 치즈(국내산), 토마토소스(국내산)",17728,869
31,피자,전주시 완산구 경기전로 86,양식,291,크림파스타,"면(이탈리아산), 크림(국내산), 베이컨(국내산), 양파(국내산)",13463,722
31,피자,전주시 완산구 경기전로 86,양식,292,치킨텐더,"닭고기(국내산), 빵가루(국내산), 감자(국내산)",13166,644
31,피자,전주시 완산구 경기전로 86,양식,293,토마토파스타,"면(이탈리아산), 토마토(국내산), 올리브오일(이탈리아산), 마늘(국내산)",12366,585
31,피자,전주시 완산구 경기전로 86,양식,294,햄버거세트,"빵(국내산), 소고기(국내산), 치즈(국내산), 야채(국내산)",8005,691
31,피자,전주시 완산구 경기전로 86,양식,295,시저샐러드,"양상추(국내산), 치즈(국내산), 베이컨(국내산), 크루통(국내산)",11223,427
31,피자,전주시 완산구 경기전로 86,양식,296,리조또,"쌀(국내산), 치즈(국내산), 베이컨(국내산), 양파(국내산)",14283,622
31,피자,전주시 완산구 경기전로 86,양식,297,스테이크,"소고기(미국산), 감자(국내산), 버터(국내산), 양파(국내산)",25143,697
31,피자,전주시 완산구 경기전로 86,양식,298,그라탕,"감자(국내산), 치즈(국내산), 베이컨(국내산), 양파(국내산)",11566,574
31,피자,전주시 완산구 경기전로 86,양식,299,오믈렛,"계란(국내산), 치즈(국내산), 베이컨(국내산), 양파(국내산)",8501,484
32,피자,전주시 완산구 중화산동 31-161,양식,300,토마토파스타,"면(이탈리아산), 토마토(국내산), 올리브오일(이탈리아산), 마늘(국내산)",11759,580
32,피자,전주시 완산구 중화산동 31-161,양식,301,치킨텐더,"닭고기(국내산), 빵가루(국내산), 감자(국내산)",13064,642
32,피자,전주시 완산구 중화산동 31-161,양식,302,그라탕,"감자(국내산), 치즈(국내산), 베이컨(국내산), 양파(국내산)",11541,578
32,피자,전주시 완산구 중화산동 31-161,양식,303,크림파스타,"면(이탈리아산), 크림(국내산), 베이컨(국내산), 양파(국내산)",12836,743
32,피자,전주시 완산구 중화산동 31-161,양식,304,오믈렛,"계란(국내산), 치즈(국내산), 베이컨(국내산), 양파(국내산)",8912,481
32,피자,전주시 완산구 중화산동 31-161,양식,305,햄버거세트,"빵(국내산), 소고기(국내산), 치즈(국내산), 야채(국내산)",7872,711
32,피자,전주시 완산구 중화산동 31-161,양식,306,리조또,"쌀(국내산), 치즈(국내산), 베이컨(국내산), 양파(국내산)",14259,652
32,피자,전주시 완산구 중화산동 31-161,양식,307,시저샐러드,"양상추(국내산), 치즈(국내산), 베이컨(국내산), 크루통(국내산)",10917,408
32,피자,전주시 완산구 중화산동 31-161,양식,308,스테이크,"소고기(미국산), 감자(국내산), 버터(국내산), 양파(국내산)",25477,686
33,파스타,전주시 완산구 중화산동 199,양식,309,스테이크,"소고기(미국산), 감자(국내산), 버터(국내산), 양파(국내산)",25021,652
33,파스타,전주시 완산구 중화산동 199,양식,310,크림파스타,"면(이탈리아산), 크림(국내산), 베이컨(국내산), 양파(국내산)",13118,690
33,파스타,전주시 완산구 중화산동 199,양식,311,햄버거세트,"빵(국내산), 소고기(국내산), 치즈(국내산), 야채(국내산)",8097,728
33,파스타,전주시 완산구 중화산동 199,양식,312,토마토파스타,"면(이탈리아산), 토마토(국내산), 올리브오일(이탈리아산), 마늘(국내산)",11776,575
33,파스타,전주시 완산구 중화산동 199,양식,313,오믈렛,"계란(국내산), 치즈(국내산), 베이컨(국내산), 양파(국내산)",9179,486
33,파스타,전주시 완산구 중화산동 199,양식,314,리조또,"쌀(국내산), 치즈(국내산), 베이컨(국내산), 양파(국내산)",14196,648
33,파스타,전주시 완산구 중화산동 199,양식,315,페퍼로니피자,"도우(국내산), 페퍼로니(수입산), 치즈(국내산), 토마토소스(국내산)",18161,873
33,파스타,전주시 완산구 중화산동 199,양식,316,시저샐러드,"양상추(국내산), 치즈(국내산), 베이컨(국내산), 크루통(국내산)",10747,449
33,파스타,전주시 완산구 중화산동 199,양식,317,그라탕,"감자(국내산), 치즈(국내산), 베이컨(국내산), 양파(국내산)",11504,567
33,파스타,전주시 완산구 중화산동 199,양식,318,치킨텐더,"닭고기(국내산), 빵가루(국내산), 감자(국내산)",13223,664
34,오래된피자,전주시 완산구 중화산동 622,양식,319,리조또,"쌀(국내산), 치즈(국내산), 베이컨(국내산), 양파(국내산)",13970,672
34,오래된피자,전주시 완산구 중화산동 622,양식,320,시저샐러드,"양상추(국내산), 치즈(국내산), 베이컨(국내산), 크루통(국내산)",11148,422
34,오래된피자,전주시 완산구 중화산동 622,양식,321,치킨텐더,"닭고기(국내산), 빵가루(국내산), 감자(국내산)",13115,665
34,오래된피자,전주시 완산구 중화산동 622,양식,322,햄버거세트,"빵(국내산), 소고기(국내산), 치즈(국내산), 야채(국내산)",8497,734
34,오래된피자,전주시 완산구 중화산동 622,양식,323,크림파스타,"면(이탈리아산), 크림(국내산), 베이컨(국내산), 양파(국내산)",13205,737
34,오래된피자,전주시 완산구 중화산동 622,양식,324,토마토파스타,"면(이탈리아산), 토마토(국내산), 올리브오일(이탈리아산), 마늘(국내산)",12265,570
34,오래된피자,전주시 완산구 중화산동 622,양식,325,그라탕,"감자(국내산), 치즈(국내산), 베이컨(국내산), 양파(국내산)",11663,580
34,오래된피자,전주시 완산구 중화산동 622,양식,326,스테이크,"소고기(미국산), 감자(국내산), 버터(국내산), 양파(국내산)",24629,691
34,오래된피자,전주시 완산구 중화산동 622,양식,327,오믈렛,"계란(국내산), 치즈(국내산), 베이컨(국내산), 양파(국내산)",8961,464
34,오래된피자,전주시 완산구 중화산동 622,양식,328,페퍼로니피자,"도우(국내산), 페퍼로니(수입산), 치즈(국내산), 토마토소스(국내산)",17768,875
35,튀김,전주시 완산구 서신동 957,분식,329,비빔국수,"면(국내산), 오이(국내산), 고추장(국내산), 계란(국내산)",6404,431
35,튀김,전주시 완산구 서신동 957,분식,330,핫도그,"소시지(국내산), 빵(국내산), 양파(국내산)",5000,446
35,튀김,전주시 완산구 서신동 957,분식,331,라면,"면(국내산), 계란(국내산), 대파(국내산)",5000,382
35,튀김,전주시 완산구 서신동 957,분식,332,떡볶이,"떡(국내산), 고추장(국내산), 어묵(국내산), 대파(국내산)",5000,320
35,튀김,전주시 완산구 서신동 957,분식,333,순대,"돼지고기(국내산), 쌀(국내산), 대파(국내산)",5000,308
35,튀김,전주시 완산구 서신동 957,분식,334,어묵탕,"어묵(국내산), 대파(국내산), 멸치(국내산)",5000,164
35,튀김,전주시 완산구 서신동 957,분식,335,만두,"돼지고기(국내산), 김치(전주산), 대파(국내산), 밀가루(국내산)",5349,365
35,튀김,전주시 완산구 서신동 957,분식,336,치즈돈까스,"돼지고기(국내산), 치즈(국내산), 빵가루(국내산), 양배추(국내산)",7275,666
36,어묵,전주시 덕진구 동부대로 650-314,분식,337,치즈돈까스,"돼지고기(국내산), 치즈(국내산), 빵가루(국내산), 양배추(국내산)",6731,680
36,어묵,전주시 덕진구 동부대로 650-314,분식,338,튀김세트,"고구마(국내산), 오징어(국내산), 감자(국내산), 밀가루(국내산)",6111,498
36,어묵,전주시 덕진구 동부대로 650-314,분식,339,만두,"돼지고기(국내산), 김치(전주산), 대파(국내산), 밀가루(국내산)",5000,336
36,어묵,전주시 덕진구 동부대로 650-314,분식,340,떡볶이,"떡(국내산), 고추장(국내산), 어묵(국내산), 대파(국내산)",5000,330
36,어묵,전주시 덕진구 동부대로 650-314,분식,341,비빔국수,"면(국내산), 오이(국내산), 고추장(국내산), 계란(국내산)",6378,445
36,어묵,전주시 덕진구 동부대로 650-314,분식,342,어묵탕,"어묵(국내산), 대파(국내산), 멸치(국내산)",5000,171
36,어묵,전주시 덕진구 동부대로 650-314,분식,343,순대,"돼지고기(국내산), 쌀(국내산), 대파(국내산)",5031,300
36,어묵,전주시 덕진구 동부대로 650-314,분식,344,라면,"면(국내산), 계란(국내산), 대파(국내산)",5000,364
36,어묵,전주시 덕진구 동부대로 650-314,분식,345,핫도그,"소시지(국내산), 빵(국내산), 양파(국내산)",5000,427
36,어묵,전주시 덕진구 동부대로 650-314,분식,346,김밥,"김(국내산), 쌀(국내산), 단무지(국내산), 시금치(국내산)",5000,303
37,오래된순대,전주시 덕진구 송천동 323,분식,347,김밥,"김(국내산), 쌀(국내산), 단무지(국내산), 시금치(국내산)",5000,286
37,오래된순대,전주시 덕진구 송천동 323,분식,348,비빔국수,"면(국내산), 오이(국내산), 고추장(국내산), 계란(국내산)",5634,429
37,오래된순대,전주시 덕진구 송천동 323,분식,349,떡볶이,"떡(국내산), 고추장(국내산), 어묵(국내산), 대파(국내산)",5000,344
37,오래된순대,전주시 덕진구 송천동 323,분식,350,핫도그,"소시지(국내산), 빵(국내산), 양파(국내산)",5000,450
37,오래된순대,전주시 덕진구 송천동 323,분식,351,순대,"돼지고기(국내산), 쌀(국내산), 대파(국내산)",5000,258
37,오래된순대,전주시 덕진구 송천동 323,분식,352,만두,"돼지고기(국내산), 김치(전주산), 대파(국내산), 밀가루(국내산)",5000,334
37,오래된순대,전주시 덕진구 송천동 323,분식,353,라면,"면(국내산), 계란(국내산), 대파(국내산)",5000,367
37,오래된순대,전주시 덕진구 송천동 323,분식,354,어묵탕,"어묵(국내산), 대파(국내산), 멸치(국내산)",5000,206
37,오래된순대,전주시 덕진구 송천동 323,분식,355,치즈돈까스,"돼지고기(국내산), 치즈(국내산), 빵가루(국내산), 양배추(국내산)",7427,643
37,오래된순대,전주시 덕진구 송천동 323,분식,356,튀김세트,"고구마(국내산), 오징어(국내산), 감자(국내산), 밀가루(국내산)",6202,490
38,만두,전주시 완산구 동서학동 174,분식,357,순대,"돼지고기(국내산), 쌀(국내산), 대파(국내산)",5000,288
38,만두,전주시 완산구 동서학동 174,분식,358,김밥,"김(국내산), 쌀(국내산), 단무지(국내산), 시금치(국내산)",5000,258
38,만두,전주시 완산구 동서학동 174,분식,359,라면,"면(국내산), 계란(국내산), 대파(국내산)",5000,399
38,만두,전주시 완산구 동서학동 174,분식,360,치즈돈까스,"돼지고기(국내산), 치즈(국내산), 빵가루(국내산), 양배추(국내산)",7158,673
38,만두,전주시 완산구 동서학동 174,분식,361,떡볶이,"떡(국내산), 고추장(국내산), 어묵(국내산), 대파(국내산)",5000,327
38,만두,전주시 완산구 동서학동 174,분식,362,만두,"돼지고기(국내산), 김치(전주산), 대파(국내산), 밀가루(국내산)",5000,361
38,만두,전주시 완산구 동서학동 174,분식,363,비빔국수,"면(국내산), 오이(국내산), 고추장(국내산), 계란(국내산)",5513,471
38,만두,전주시 완산구 동서학동 174,분식,364,튀김세트,"고구마(국내산), 오징어(국내산), 감자(국내산), 밀가루(국내산)",5649,479
38,만두,전주시 완산구 동서학동 174,분식,365,어묵탕,"어묵(국내산), 대파(국내산), 멸치(국내산)",5000,155
39,핫도그,전주시 완산구 삼천동 978,분식,366,김밥,"김(국내산), 쌀(국내산), 단무지(국내산), 시금치(국내산)",5000,259
39,핫도그,전주시 완산구 삼천동 978,분식,367,치즈돈까스,"돼지고기(국내산), 치즈(국내산), 빵가루(국내산), 양배추(국내산)",7280,642
39,핫도그,전주시 완산구 삼천동 978,분식,368,만두,"돼지고기(국내산), 김치(전주산), 대파(국내산), 밀가루(국내산)",5000,327
39,핫도그,전주시 완산구 삼천동 978,분식,369,비빔국수,"면(국내산), 오이(국내산), 고추장(국내산), 계란(국내산)",6194,473
39,핫도그,전주시 완산구 삼천동 978,분식,370,핫도그,"소시지(국내산), 빵(국내산), 양파(국내산)",5000,409
39,핫도그,전주시 완산구 삼천동 978,분식,371,라면,"면(국내산), 계란(국내산), 대파(국내산)",5000,408
39,핫도그,전주시 완산구 삼천동 978,분식,372,순대,"돼지고기(국내산), 쌀(국내산), 대파(국내산)",5321,294
39,핫도그,전주시 완산구 삼천동 978,분식,373,떡볶이,"떡(국내산), 고추장(국내산), 어묵(국내산), 대파(국내산)",5000,298
39,핫도그,전주시 완산구 삼천동 978,분식,374,어묵탕,"어묵(국내산), 대파(국내산), 멸치(국내산)",5000,201
39,핫도그,전주시 완산구 삼천동 978,분식,375,튀김세트,"고구마(국내산), 오징어(국내산), 감자(국내산), 밀가루(국내산)",6339,479
40,핫도그,전주시 완산구 전동성당길 964-491,분식,376,라면,"면(국내산), 계란(국내산), 대파(국내산)",5000,376
40,핫도그,전주시 완산구 전동성당길 964-491,분식,377,떡볶이,"떡(국내산), 고추장(국내산), 어묵(국내산), 대파(국내산)",5000,291
40,핫도그,전주시 완산구 전동성당길 964-491,분식,378,비빔국수,"면(국내산), 오이(국내산), 고추장(국내산), 계란(국내산)",6220,468
40,핫도그,전주시 완산구 전동성당길 964-491,분식,379,만두,"돼지고기(국내산), 김치(전주산), 대파(국내산), 밀가루(국내산)",5000,327
40,핫도그,전주시 완산구 전동성당길 964-491,분식,380,순대,"돼지고기(국내산), 쌀(국내산), 대파(국내산)",5000,293
40,핫도그,전주시 완산구 전동성당길 964-491,분식,381,어묵탕,"어묵(국내산), 대파(국내산), 멸치(국내산)",5000,172
40,핫도그,전주시 완산구 전동성당길 964-491,분식,382,김밥,"김(국내산), 쌀(국내산), 단무지(국내산), 시금치(국내산)",5000,274
40,핫도그,전주시 완산구 전동성당길 964-491,분식,383,튀김세트,"고구마(국내산), 오징어(국내산), 감자(국내산), 밀가루(국내산)",5971,465
41,비빔밥,전주시 완산구 전주천동로 642,분식,384,라면,"면(국내산), 계란(국내산), 대파(국내산)",5000,375
41,비빔밥,전주시 완산구 전주천동로 642,분식,385,튀김세트,"고구마(국내산), 오징어(국내산), 감자(국내산), 밀가루(국내산)",5512,472
41,비빔밥,전주시 완산구 전주천동로 642,분식,386,순대,"돼지고기(국내산), 쌀(국내산), 대파(국내산)",5000,298
41,비빔밥,전주시 완산구 전주천동로 642,분식,387,만두,"돼지고기(국내산), 김치(전주산), 대파(국내산), 밀가루(국내산)",5000,337
41,비빔밥,전주시 완산구 전주천동로 642,분식,388,어묵탕,"어묵(국내산), 대파(국내산), 멸치(국내산)",5000,204
41,비빔밥,전주시 완산구 전주천동로 642,분식,389,떡볶이,"떡(국내산), 고추장(국내산), 어묵(국내산), 대파(국내산)",5000,334
41,비빔밥,전주시 완산구 전주천동로 642,분식,390,김밥,"김(국내산), 쌀(국내산), 단무지(국내산), 시금치(국내산)",5000,290
41,비빔밥,전주시 완산구 전주천동로 642,분식,391,핫도그,"소시지(국내산), 빵(국내산), 양파(국내산)",5000,412
41,비빔밥,전주시 완산구 전주천동로 642,분식,392,비빔국수,"면(국내산), 오이(국내산), 고추장(국내산), 계란(국내산)",5909,443
42,정통김밥,전주시 완산구 전동성당길 985-269,분식,393,떡볶이,"떡(국내산), 고추장(국내산), 어묵(국내산), 대파(국내산)",5000,317
42,정통김밥,전주시 완산구 전동성당길 985-269,분식,394,비빔국수,"면(국내산), 오이(국내산), 고추장(국내산), 계란(국내산)",6381,468
42,정통김밥,전주시 완산구 전동성당길 985-269,분식,395,김밥,"김(국내산), 쌀(국내산), 단무지(국내산), 시금치(국내산)",5000,291
42,정통김밥,전주시 완산구 전동성당길 985-269,분식,396,튀김세트,"고구마(국내산), 오징어(국내산), 감자(국내산), 밀가루(국내산)",5627,474
42,정통김밥,전주시 완산구 전동성당길 985-269,분식,397,순대,"돼지고기(국내산), 쌀(국내산), 대파(국내산)",5000,301
42,정통김밥,전주시 완산구 전동성당길 985-269,분식,398,어묵탕,"어묵(국내산), 대파(국내산), 멸치(국내산)",5000,173
42,정통김밥,전주시 완산구 전동성당길 985-269,분식,399,만두,"돼지고기(국내산), 김치(전주산), 대파(국내산), 밀가루(국내산)",5000,346
42,정통김밥,전주시 완산구 전동성당길 985-269,분식,400,핫도그,"소시지(국내산), 빵(국내산), 양파(국내산)",5000,444
43,닭강정,전주시 덕진구 금암동 450,치킨/닭강정,401,양파치킨(순살),"닭고기(국내산), 양파(국내산), 양념소스(국내산)",19152,1370
43,닭강정,전주시 덕진구 금암동 450,치킨/닭강정,402,간장치킨(순살),"닭고기(국내산), 간장(국내산), 마늘(국내산), 대파(국내산)",17573,1349
43,닭강정,전주시 덕진구 금암동 450,치킨/닭강정,403,마늘치킨(순살),"닭고기(국내산), 마늘(국내산), 간장(국내산)",18943,1368
43,닭강정,전주시 덕진구 금암동 450,치킨/닭강정,404,뿌링클치킨(순살),"닭고기(국내산), 치즈가루(국내산), 마요네즈(국내산)",19394,1440
43,닭강정,전주시 덕진구 금암동 450,치킨/닭강정,405,치킨마요덮밥,"닭고기(국내산), 쌀(국내산), 마요네즈(국내산), 계란(국내산)",7742,720
43,닭강정,전주시 덕진구 금암동 450,치킨/닭강정,406,양념치킨(순살),"닭고기(국내산), 양념소스(국내산), 마늘(국내산)",18077,1386
43,닭강정,전주시 덕진구 금암동 450,치킨/닭강정,407,닭강정,"닭고기(국내산), 고추장(국내산), 마늘(국내산), 꿀(국내산)",16148,992
43,닭강정,전주시 덕진구 금암동 450,치킨/닭강정,408,후라이드치킨(순살),"닭고기(국내산), 빵가루(국내산), 식용유(국내산)",16528,1266
43,닭강정,전주시 덕진구 금암동 450,치킨/닭강정,409,파닭,"닭고기(국내산), 대파(국내산), 마늘(국내산), 간장(국내산)",17121,1228
44,순살치킨,전주시 덕진구 건지산로 470,치킨/닭강정,410,간장치킨(순살),"닭고기(국내산), 간장(국내산), 마늘(국내산), 대파(국내산)",17692,1305
44,순살치킨,전주시 덕진구 건지산로 470,치킨/닭강정,411,양파치킨(순살),"닭고기(국내산), 양파(국내산), 양념소스(국내산)",18816,1389
44,순살치킨,전주시 덕진구 건지산로 470,치킨/닭강정,412,파닭,"닭고기(국내산), 대파(국내산), 마늘(국내산), 간장(국내산)",16790,1239
44,순살치킨,전주시 덕진구 건지산로 470,치킨/닭강정,413,뿌링클치킨(순살),"닭고기(국내산), 치즈가루(국내산), 마요네즈(국내산)",19167,1425
44,순살치킨,전주시 덕진구 건지산로 470,치킨/닭강정,414,치킨마요덮밥,"닭고기(국내산), 쌀(국내산), 마요네즈(국내산), 계란(국내산)",8465,694
44,순살치킨,전주시 덕진구 건지산로 470,치킨/닭강정,415,후라이드치킨(순살),"닭고기(국내산), 빵가루(국내산), 식용유(국내산)",16706,1233
44,순살치킨,전주시 덕진구 건지산로 470,치킨/닭강정,416,마늘치킨(순살),"닭고기(국내산), 마늘(국내산), 간장(국내산)",19219,1320
44,순살치킨,전주시 덕진구 건지산로 470,치킨/닭강정,417,닭강정,"닭고기(국내산), 고추장(국내산), 마늘(국내산), 꿀(국내산)",16285,977
44,순살치킨,전주시 덕진구 건지산로 470,치킨/닭강정,418,핫치킨(순살),"닭고기(국내산), 고추(국내산), 마늘(국내산)",19433,1390
44,순살치킨,전주시 덕진구 건지산로 470,치킨/닭강정,419,양념치킨(순살),"닭고기(국내산), 양념소스(국내산), 마늘(국내산)",17932,1381
45,닭강정,전주시 완산구 서신동 856,치킨/닭강정,420,양파치킨(순살),"닭고기(국내산), 양파(국내산), 양념소스(국내산)",19057,1414
45,닭강정,전주시 완산구 서신동 856,치킨/닭강정,421,핫치킨(순살),"닭고기(국내산), 고추(국내산), 마늘(국내산)",19366,1359
45,닭강정,전주시 완산구 서신동 856,치킨/닭강정,422,마늘치킨(순살),"닭고기(국내산), 마늘(국내산), 간장(국내산)",19274,1352
45,닭강정,전주시 완산구 서신동 856,치킨/닭강정,423,파닭,"닭고기(국내산), 대파(국내산), 마늘(국내산), 간장(국내산)",16754,1253
45,닭강정,전주시 완산구 서신동 856,치킨/닭강정,424,닭강정,"닭고기(국내산), 고추장(국내산), 마늘(국내산), 꿀(국내산)",15798,954
45,닭강정,전주시 완산구 서신동 856,치킨/닭강정,425,간장치킨(순살),"닭고기(국내산), 간장(국내산), 마늘(국내산), 대파(국내산)",18179,1303
45,닭강정,전주시 완산구 서신동 856,치킨/닭강정,426,양념치킨(순살),"닭고기(국내산), 양념소스(국내산), 마늘(국내산)",18172,1373
45,닭강정,전주시 완산구 서신동 856,치킨/닭강정,427,후라이드치킨(순살),"닭고기(국내산), 빵가루(국내산), 식용유(국내산)",16554,1263
45,닭강정,전주시 완산구 서신동 856,치킨/닭강정,428,치킨마요덮밥,"닭고기(국내산), 쌀(국내산), 마요네즈(국내산), 계란(국내산)",7991,712
45,닭강정,전주시 완산구 서신동 856,치킨/닭강정,429,뿌링클치킨(순살),"닭고기(국내산), 치즈가루(국내산), 마요네즈(국내산)",19116,1401
46,후라이드치킨,전주시 덕진구 동부대로 703,치킨/닭강정,430,후라이드치킨(순살),"닭고기(국내산), 빵가루(국내산), 식용유(국내산)",17006,1249
46,후라이드치킨,전주시 덕진구 동부대로 703,치킨/닭강정,431,치킨마요덮밥,"닭고기(국내산), 쌀(국내산), 마요네즈(국내산), 계란(국내산)",7630,741
46,후라이드치킨,전주시 덕진구 동부대로 703,치킨/닭강정,432,파닭,"닭고기(국내산), 대파(국내산), 마늘(국내산), 간장(국내산)",17086,1237
46,후라이드치킨,전주시 덕진구 동부대로 703,치킨/닭강정,433,핫치킨(순살),"닭고기(국내산), 고추(국내산), 마늘(국내산)",18523,1390
46,후라이드치킨,전주시 덕진구 동부대로 703,치킨/닭강정,434,마늘치킨(순살),"닭고기(국내산), 마늘(국내산), 간장(국내산)",19486,1344
46,후라이드치킨,전주시 덕진구 동부대로 703,치킨/닭강정,435,닭강정,"닭고기(국내산), 고추장(국내산), 마늘(국내산), 꿀(국내산)",15887,965
46,후라이드치킨,전주시 덕진구 동부대로 703,치킨/닭강정,436,간장치킨(순살),"닭고기(국내산), 간장(국내산), 마늘(국내산), 대파(국내산)",18403,1339
46,후라이드치킨,전주시 덕진구 동부대로 703,치킨/닭강정,437,뿌링클치킨(순살),"닭고기(국내산), 치즈가루(국내산), 마요네즈(국내산)",18517,1423
46,후라이드치킨,전주시 덕진구 동부대로 703,치킨/닭강정,438,양념치킨(순살),"닭고기(국내산), 양념소스(국내산), 마늘(국내산)",18482,1393
47,전주양념치킨,전주시 덕진구 전주천서로 328,치킨/닭강정,439,마늘치킨(순살),"닭고기(국내산), 마늘(국내산), 간장(국내산)",19346,1339
47,전주양념치킨,전주시 덕진구 전주천서로 328,치킨/닭강정,440,닭강정,"닭고기(국내산), 고추장(국내산), 마늘(국내산), 꿀(국내산)",16293,1010
47,전주양념치킨,전주시 덕진구 전주천서로 328,치킨/닭강정,441,간장치킨(순살),"닭고기(국내산), 간장(국내산), 마늘(국내산), 대파(국내산)",17747,1309
47,전주양념치킨,전주시 덕진구 전주천서로 328,치킨/닭강정,442,핫치킨(순살),"닭고기(국내산), 고추(국내산), 마늘(국내산)",18528,1401
47,전주양념치킨,전주시 덕진구 전주천서로 328,치킨/닭강정,443,후라이드치킨(순살),"닭고기(국내산), 빵가루(국내산), 식용유(국내산)",17500,1254
47,전주양념치킨,전주시 덕진구 전주천서로 328,치킨/닭강정,444,양파치킨(순살),"닭고기(국내산), 양파(국내산), 양념소스(국내산)",18754,1429
47,전주양념치킨,전주시 덕진구 전주천서로 328,치킨/닭강정,445,파닭,"닭고기(국내산), 대파(국내산), 마늘(국내산), 간장(국내산)",16783,1253
47,전주양념치킨,전주시 덕진구 전주천서로 328,치킨/닭강정,446,뿌링클치킨(순살),"닭고기(국내산), 치즈가루(국내산), 마요네즈(국내산)",19320,1402
47,전주양념치킨,전주시 덕진구 전주천서로 328,치킨/닭강정,447,치킨마요덮밥,"닭고기(국내산), 쌀(국내산), 마요네즈(국내산), 계란(국내산)",8033,717
48,유명한마카롱,전주시 덕진구 건지산로 424,카페/디저트,448,치즈케이크,"크림치즈(국내산), 설탕(국내산), 계란(국내산), 밀가루(국내산)",7315,388
48,유명한마카롱,전주시 덕진구 건지산로 424,카페/디저트,449,마카롱(4개),"아몬드(미국산), 설탕(국내산), 계란(국내산), 버터(국내산)",12023,337
48,유명한마카롱,전주시 덕진구 건지산로 424,카페/디저트,450,카페라떼,"원두(에티오피아산), 우유(국내산), 물(국내산)",5234,160
48,유명한마카롱,전주시 덕진구 건지산로 424,카페/디저트,451,카푸치노,"원두(에티오피아산), 우유(국내산), 우유거품(국내산)",5949,122
48,유명한마카롱,전주시 덕진구 건지산로 424,카페/디저트,452,초콜릿케이크,"초콜릿(벨기에산), 버터(국내산), 설탕(국내산), 계란(국내산)",7054,476
48,유명한마카롱,전주시 덕진구 건지산로 424,카페/디저트,453,아메리카노,"원두(에티오피아산), 물(국내산)",5000,50
48,유명한마카롱,전주시 덕진구 건지산로 424,카페/디저트,454,크로플,"밀가루(국내산), 버터(국내산), 설탕(국내산), 계란(국내산)",5647,408
48,유명한마카롱,전주시 덕진구 건지산로 424,카페/디저트,455,팥빙수,"팥(국내산), 우유(국내산), 설탕(국내산), 얼음(국내산)",8176,355
48,유명한마카롱,전주시 덕진구 건지산로 424,카페/디저트,456,와플,"밀가루(국내산), 버터(국내산), 계란(국내산), 설탕(국내산)",5740,405
48,유명한마카롱,전주시 덕진구 건지산로 424,카페/디저트,457,아이스크림(2구),"우유(국내산), 설탕(국내산), 바닐라(마다가스카르산)",5000,259
49,케이크 2호점,전주시 덕진구 팔복동 936,카페/디저트,458,초콜릿케이크,"초콜릿(벨기에산), 버터(국내산), 설탕(국내산), 계란(국내산)",7512,474
49,케이크 2호점,전주시 덕진구 팔복동 936,카페/디저트,459,팥빙수,"팥(국내산), 우유(국내산), 설탕(국내산), 얼음(국내산)",7798,330
49,케이크 2호점,전주시 덕진구 팔복동 936,카페/디저트,460,치즈케이크,"크림치즈(국내산), 설탕(국내산), 계란(국내산), 밀가루(국내산)",7456,356
49,케이크 2호점,전주시 덕진구 팔복동 936,카페/디저트,461,와플,"밀가루(국내산), 버터(국내산), 계란(국내산), 설탕(국내산)",6392,398
49,케이크 2호점,전주시 덕진구 팔복동 936,카페/디저트,462,크로플,"밀가루(국내산), 버터(국내산), 설탕(국내산), 계란(국내산)",5481,364
49,케이크 2호점,전주시 덕진구 팔복동 936,카페/디저트,463,아메리카노,"원두(에티오피아산), 물(국내산)",5000,50
49,케이크 2호점,전주시 덕진구 팔복동 936,카페/디저트,464,마카롱(4개),"아몬드(미국산), 설탕(국내산), 계란(국내산), 버터(국내산)",12278,294
49,케이크 2호점,전주시 덕진구 팔복동 936,카페/디저트,465,아이스크림(2구),"우유(국내산), 설탕(국내산), 바닐라(마다가스카르산)",5000,298
49,케이크 2호점,전주시 덕진구 팔복동 936,카페/디저트,466,카푸치노,"원두(에티오피아산), 우유(국내산), 우유거품(국내산)",5249,128
49,케이크 2호점,전주시 덕진구 팔복동 936,카페/디저트,467,카페라떼,"원두(에티오피아산), 우유(국내산), 물(국내산)",5340,156
50,크로플,전주시 완산구 팔복로 684,카페/디저트,468,아이스크림(2구),"우유(국내산), 설탕(국내산), 바닐라(마다가스카르산)",5189,260
50,크로플,전주시 완산구 팔복로 684,카페/디저트,469,크로플,"밀가루(국내산), 버터(국내산), 설탕(국내산), 계란(국내산)",5600,363
50,크로플,전주시 완산구 팔복로 684,카페/디저트,470,팥빙수,"팥(국내산), 우유(국내산), 설탕(국내산), 얼음(국내산)",7721,373
50,크로플,전주시 완산구 팔복로 684,카페/디저트,471,카페라떼,"원두(에티오피아산), 우유(국내산), 물(국내산)",5000,150
50,크로플,전주시 완산구 팔복로 684,카페/디저트,472,카푸치노,"원두(에티오피아산), 우유(국내산), 우유거품(국내산)",5954,130
50,크로플,전주시 완산구 팔복로 684,카페/디저트,473,와플,"밀가루(국내산), 버터(국내산), 계란(국내산), 설탕(국내산)",5640,390
50,크로플,전주시 완산구 팔복로 684,카페/디저트,474,치즈케이크,"크림치즈(국내산), 설탕(국내산), 계란(국내산), 밀가루(국내산)",7259,374
50,크로플,전주시 완산구 팔복로 684,카페/디저트,475,초콜릿케이크,"초콜릿(벨기에산), 버터(국내산), 설탕(국내산), 계란(국내산)",7602,468
50,크로플,전주시 완산구 팔복로 684,카페/디저트,476,마카롱(4개),"아몬드(미국산), 설탕(국내산), 계란(국내산), 버터(국내산)",11917,308
50,크로플,전주시 완산구 팔복로 684,카페/디저트,477,아메리카노,"원두(에티오피아산), 물(국내산)",5000,50
